{
    "accuracy": 0.7174329228219561,
    "classification_report": {
        "0": {
            "precision": 0.7174329228219561,
            "recall": 1.0,
            "f1-score": 0.8354712586307296,
            "support": 25108.0
        },
        "1": {
            "precision": 0.0,
            "recall": 0.0,
            "f1-score": 0.0,
            "support": 9889.0
        },
        "accuracy": 0.7174329228219561,
        "macro avg": {
            "precision": 0.35871646141097807,
            "recall": 0.5,
            "f1-score": 0.4177356293153648,
            "support": 34997.0
        },
        "weighted avg": {
            "precision": 0.5147099987488549,
            "recall": 0.7174329228219561,
            "f1-score": 0.5993945870131828,
            "support": 34997.0
        }
    },
    "confusion_matrix": [
        [
            25108,
            0
        ],
        [
            9889,
            0
        ]
    ]
}