{
    "accuracy": 0.8036690318605529,
    "classification_report": {
        "0": {
            "precision": 0.7168106045390641,
            "recall": 0.9996798847585131,
            "f1-score": 0.8349375041775282,
            "support": 24991.0
        },
        "1": {
            "precision": 0.9994825355756791,
            "recall": 0.6102203617407788,
            "f1-score": 0.757785297435143,
            "support": 25322.0
        },
        "accuracy": 0.8036690318605529,
        "macro avg": {
            "precision": 0.8581465700573716,
            "recall": 0.8049501232496459,
            "f1-score": 0.7963614008063356,
            "support": 50313.0
        },
        "weighted avg": {
            "precision": 0.8590763934546359,
            "recall": 0.8036690318605529,
            "f1-score": 0.796107615696804,
            "support": 50313.0
        }
    },
    "confusion_matrix": [
        [
            24983,
            8
        ],
        [
            9870,
            15452
        ]
    ]
}